Delta,Delta_over_gamma,P1,S_perp,T_L,T_R,T_R_over_T_L,V,abs_C,epsilon,gamma_L,gamma_R,gamma_R_over_L,min_eig,mu_L,mu_R,p_L,p_R,positive,scan,theta_R
0.15,0.15,0.6320240657418303,0.0,1.2,0.6,,,0.0,0.0,1.0,1.0,,0.2886012610039221,0.4,-0.4,0.0,0.0,1,polarization,1.5707963267948966
0.15,0.15,0.6306942040629873,0.013166406008101077,1.2,0.6,,,0.006583203004050539,0.0,1.0,1.0,,0.30812920919759473,0.4,-0.4,0.08636363636363636,0.08636363636363636,1,polarization,1.5707963267948966
0.15,0.15,0.630513516024526,0.02626314496066265,1.2,0.6,,,0.013131572480331324,0.0,1.0,1.0,,0.30160465856004576,0.4,-0.4,0.17272727272727273,0.17272727272727273,1,polarization,1.5707963267948966
0.15,0.15,0.6305107015902198,0.03934695591679188,1.2,0.6,,,0.01967347795839594,0.0,1.0,1.0,,0.29300144638349046,0.4,-0.4,0.2590909090909091,0.2590909090909091,1,polarization,1.5707963267948966
0.15,0.15,0.6306958502502074,0.05247857565563895,1.2,0.6,,,0.026239287827819476,0.0,1.0,1.0,,0.28407901416398834,0.4,-0.4,0.34545454545454546,0.34545454545454546,1,polarization,1.5707963267948966
0.15,0.15,0.6310889663804319,0.06572795064889596,1.2,0.6,,,0.03286397532444798,0.0,1.0,1.0,,0.27513729941058424,0.4,-0.4,0.4318181818181818,0.4318181818181818,1,polarization,1.5707963267948966
0.15,0.15,0.6317230587385915,0.07918136738552631,1.2,0.6,,,0.039590683692763154,0.0,1.0,1.0,,0.26627432094171993,0.4,-0.4,0.5181818181818182,0.5181818181818182,1,polarization,1.5707963267948966
0.15,0.15,0.6326495882399041,0.09295222447315989,1.2,0.6,,,0.04647611223657994,0.0,1.0,1.0,,0.25754672102505116,0.4,-0.4,0.6045454545454545,0.6045454545454545,1,polarization,1.5707963267948966
0.15,0.15,0.6339480416826158,0.10719864184599372,1.2,0.6,,,0.05359932092299686,0.0,1.0,1.0,,0.2490056579534805,0.4,-0.4,0.6909090909090909,0.6909090909090909,1,polarization,1.5707963267948966
0.15,0.15,0.6357432953060413,0.12215435253067174,1.2,0.6,,,0.06107717626533587,0.0,1.0,1.0,,0.2407110072695956,0.4,-0.4,0.7772727272727273,0.7772727272727273,1,polarization,1.5707963267948966
0.15,0.15,0.6382388728759496,0.13818700134994963,1.2,0.6,,,0.06909350067497481,0.0,1.0,1.0,,0.23274153908111261,0.4,-0.4,0.8636363636363636,0.8636363636363636,1,polarization,1.5707963267948966
0.15,0.15,0.6417856950822323,0.1559178974869474,1.2,0.6,,,0.0779589487434737,0.0,1.0,1.0,,0.22520467051644452,0.4,-0.4,0.95,0.95,1,polarization,1.5707963267948966
0.15,0.15,0.6635478117721462,0.0032042977077791275,1.2,0.6,,0.0,0.0016021488538895637,0.0,1.0,1.0,,0.32292264162931655,0.0,-0.0,0.7,0.7,1,bias,1.5707963267948966
0.15,0.15,0.6550680197776936,0.02249916719221573,1.2,0.6,,0.18181818181818182,0.011249583596107865,0.0,1.0,1.0,,0.31546457148941554,0.09090909090909091,-0.09090909090909091,0.7,0.7,1,bias,1.5707963267948966
0.15,0.15,0.6475574804180533,0.04826608243461575,1.2,0.6,,0.36363636363636365,0.024133041217307874,0.0,1.0,1.0,,0.29448386946735666,0.18181818181818182,-0.18181818181818182,0.7,0.7,1,bias,1.5707963267948966
0.15,0.15,0.6411324102572215,0.07381117031814872,1.2,0.6,,0.5454545454545454,0.03690558515907436,0.0,1.0,1.0,,0.27426255698851343,0.2727272727272727,-0.2727272727272727,0.7,0.7,1,bias,1.5707963267948966
0.15,0.15,0.6358751366986966,0.09888484879245761,1.2,0.6,,0.7272727272727273,0.049442424396228805,0.0,1.0,1.0,,0.25531127138334014,0.36363636363636365,-0.36363636363636365,0.7,0.7,1,bias,1.5707963267948966
0.15,0.15,0.6318324818701031,0.12328057327805889,1.2,0.6,,0.9090909090909092,0.06164028663902944,0.0,1.0,1.0,,0.23776443749885012,0.4545454545454546,-0.4545454545454546,0.7,0.7,1,bias,1.5707963267948966
0.15,0.15,0.6290162171928357,0.14683774913000763,1.2,0.6,,1.0909090909090908,0.07341887456500382,0.0,1.0,1.0,,0.22167529293946342,0.5454545454545454,-0.5454545454545454,0.7,0.7,1,bias,1.5707963267948966
0.15,0.15,0.627405403578961,0.16944088935448867,1.2,0.6,,1.2727272727272727,0.08472044467724434,0.0,1.0,1.0,,0.20704919812984424,0.6363636363636364,-0.6363636363636364,0.7,0.7,1,bias,1.5707963267948966
0.15,0.15,0.6269502764682207,0.19101596272326682,1.2,0.6,,1.4545454545454546,0.09550798136163341,0.0,1.0,1.0,,0.19385539829136722,0.7272727272727273,-0.7272727272727273,0.7,0.7,1,bias,1.5707963267948966
0.15,0.15,0.6275772254202382,0.21152493603275785,1.2,0.6,,1.6363636363636365,0.10576246801637892,0.0,1.0,1.0,,0.18203520651946054,0.8181818181818182,-0.8181818181818182,0.7,0.7,1,bias,1.5707963267948966
0.15,0.15,0.6291943705101778,0.23095942256610974,1.2,0.6,,1.8181818181818183,0.11547971128305487,0.0,1.0,1.0,,0.17150922235494176,0.9090909090909092,-0.9090909090909092,0.7,0.7,1,bias,1.5707963267948966
0.15,0.15,0.631697254973603,0.24933417300777178,1.2,0.6,,2.0,0.12466708650388589,0.0,1.0,1.0,,0.16218390917588715,1.0,-1.0,0.7,0.7,1,bias,1.5707963267948966
0.15,0.15,0.5582562346407458,0.18030200681376632,1.2,0.24,0.2,,0.09015100340688316,0.0,1.0,1.0,,0.16559780351372283,0.4,-0.4,0.7,0.7,1,T_ratio,1.5707963267948966
0.15,0.15,0.5926977327598754,0.14916782903739875,1.2,0.3466666666666667,0.2888888888888889,,0.07458391451869938,0.0,1.0,1.0,,0.20194513050064666,0.4,-0.4,0.7,0.7,1,T_ratio,1.5707963267948966
0.15,0.15,0.6148336693546277,0.12798716848420913,1.2,0.4533333333333333,0.37777777777777777,,0.06399358424210456,0.0,1.0,1.0,,0.22625544763780886,0.4,-0.4,0.7,0.7,1,T_ratio,1.5707963267948966
0.15,0.15,0.6297397590709075,0.11316826898368956,1.2,0.5599999999999999,0.4666666666666667,,0.05658413449184478,0.0,1.0,1.0,,0.24310157002912117,0.4,-0.4,0.7,0.7,1,T_ratio,1.5707963267948966
0.15,0.15,0.640329701696249,0.10235624379034136,1.2,0.6666666666666666,0.5555555555555556,,0.05117812189517068,0.0,1.0,1.0,,0.25532296839489177,0.4,-0.4,0.7,0.7,1,T_ratio,1.5707963267948966
0.15,0.15,0.6481975456960523,0.09416653591173306,1.2,0.7733333333333333,0.6444444444444445,,0.04708326795586653,0.0,1.0,1.0,,0.2645470964792205,0.4,-0.4,0.7,0.7,1,T_ratio,1.5707963267948966
0.15,0.15,0.654256055801427,0.08776748889522167,1.2,0.88,0.7333333333333334,,0.04388374444761083,0.0,1.0,1.0,,0.2717371685537541,0.4,-0.4,0.7,0.7,1,T_ratio,1.5707963267948966
0.15,0.15,0.6590572241567925,0.08263853109641905,1.2,0.9866666666666666,0.8222222222222222,,0.04131926554820953,0.0,1.0,1.0,,0.2774904773671294,0.4,-0.4,0.7,0.7,1,T_ratio,1.5707963267948966
0.15,0.15,0.6629518145690372,0.07844013081426116,1.2,1.0933333333333335,0.9111111111111112,,0.03922006540713058,0.0,1.0,1.0,,0.2821941478549131,0.4,-0.4,0.7,0.7,1,T_ratio,1.5707963267948966
0.15,0.15,0.6661723972943099,0.07494252285241794,1.2,1.2,1.0,,0.03747126142620897,0.0,1.0,1.0,,0.28610899775563087,0.4,-0.4,0.7,0.7,1,T_ratio,1.5707963267948966
0.15,0.15,0.853219267390398,0.01940334566184747,1.2,0.6,,,0.009701672830923736,-1.0,1.0,1.0,,0.14678073260960203,0.4,-0.4,0.7,0.7,1,epsilon,1.5707963267948966
0.15,0.15,0.825039878765117,0.03874000707889452,1.2,0.6,,,0.01937000353944726,-0.8333333333333334,1.0,1.0,,0.17496012123488305,0.4,-0.4,0.7,0.7,1,epsilon,1.5707963267948966
0.15,0.15,0.7930602720605588,0.057054956036678275,1.2,0.6,,,0.028527478018339138,-0.6666666666666667,1.0,1.0,,0.206939727939441,0.4,-0.4,0.7,0.7,1,epsilon,1.5707963267948966
0.15,0.15,0.7574518396185668,0.07367638470582401,1.2,0.6,,,0.036838192352912004,-0.5,1.0,1.0,,0.2425481603814331,0.4,-0.4,0.7,0.7,1,epsilon,1.5707963267948966
0.15,0.15,0.7186312194990672,0.08806374127494783,1.2,0.6,,,0.044031870637473915,-0.33333333333333337,1.0,1.0,,0.28136878050093284,0.4,-0.4,0.7,0.7,1,epsilon,1.5707963267948966
0.15,0.15,0.6772454567091157,0.0998259865878605,1.2,0.6,,,0.04991299329393025,-0.16666666666666674,1.0,1.0,,0.27549643539163,0.4,-0.4,0.7,0.7,1,epsilon,1.5707963267948966
0.15,0.15,0.6341108931912589,0.10873452210082096,1.2,0.6,,,0.05436726105041048,0.0,1.0,1.0,,0.24811975588932497,0.4,-0.4,0.7,0.7,1,epsilon,1.5707963267948966
0.15,0.15,0.5901191604913503,0.11472791093903584,1.2,0.6,,,0.05736395546951792,0.16666666666666652,1.0,1.0,,0.22217209513747824,0.4,-0.4,0.7,0.7,1,epsilon,1.5707963267948966
0.15,0.15,0.5461362136202192,0.11790386123935488,1.2,0.6,,,0.05895193061967744,0.33333333333333326,1.0,1.0,,0.19800419548501227,0.4,-0.4,0.7,0.7,1,epsilon,1.5707963267948966
0.15,0.15,0.5029208107239982,0.11849620073194121,1.2,0.6,,,0.059248100365970606,0.5,1.0,1.0,,0.17584387193975598,0.4,-0.4,0.7,0.7,1,epsilon,1.5707963267948966
0.15,0.15,0.4610779194398554,0.11683927029809602,1.2,0.6,,,0.05841963514904801,0.6666666666666665,1.0,1.0,,0.1557888686004402,0.4,-0.4,0.7,0.7,1,epsilon,1.5707963267948966
0.15,0.15,0.4210478650384625,0.11332617353240396,1.2,0.6,,,0.05666308676620198,0.8333333333333333,1.0,1.0,,0.13782205833979336,0.4,-0.4,0.7,0.7,1,epsilon,1.5707963267948966
0.15,0.15,0.3831215237082343,0.10836843967927631,1.2,0.6,,,0.054184219839638156,1.0,1.0,1.0,,0.12184018233346927,0.4,-0.4,0.7,0.7,1,epsilon,1.5707963267948966
0.15,0.24,0.6818450537914189,0.06710313563725041,1.2,0.6,,,0.03355156781862521,0.0,1.0,0.25,0.25,0.2932730679243539,0.4,-0.4,0.7,0.7,1,gamma_asym,1.5707963267948966
0.15,0.19999999999999998,0.6592336962472615,0.09251741655130924,1.2,0.6,,,0.04625870827565462,0.0,1.0,0.5,0.5,0.26662909678525887,0.4,-0.4,0.7,0.7,1,gamma_asym,1.5707963267948966
0.15,0.15,0.6341108931912589,0.10873452210082096,1.2,0.6,,,0.05436726105041048,0.0,1.0,1.0,1.0,0.24811975588932497,0.4,-0.4,0.7,0.7,1,gamma_asym,1.5707963267948966
0.15,0.09999999999999999,0.6063768947547798,0.10650956405127383,1.2,0.6,,,0.05325478202563692,0.0,1.0,2.0,2.0,0.239441993409976,0.4,-0.4,0.7,0.7,1,gamma_asym,1.5707963267948966
0.15,0.06,0.5776238538362948,0.08659242980557501,1.2,0.6,,,0.043296214902787504,0.0,1.0,4.0,4.0,0.23877893905559827,0.4,-0.4,0.7,0.7,1,gamma_asym,1.5707963267948966
0.05,0.05,0.562687553591509,0.05160400255547462,1.5,0.4,,,0.02580200127773731,0.0,1.0,1.0,,0.25540578606757136,0.6,-0.6,0.5,0.5,1,grid,0.4
0.05,0.05,0.5642700270169076,0.07094385321919564,1.5,0.4,,,0.03547192660959782,0.0,1.0,1.0,,0.24659970931615888,0.6,-0.6,0.7,0.7,1,grid,0.4
0.05,0.05,0.568086189356698,0.08638161701561607,1.5,0.4,,,0.043190808507808036,0.0,1.0,1.0,,0.2406070777588603,0.6,-0.6,0.85,0.85,1,grid,0.4
0.05,0.05,0.5796981899417257,0.10008119934442013,1.5,0.4,,,0.050040599672210063,0.0,1.0,1.0,,0.23721419289931434,0.6,-0.6,0.95,0.95,1,grid,0.4
0.05,0.05,0.5633291302435974,0.0682692509532239,1.5,0.4,,,0.03413462547661195,0.0,1.0,1.0,,0.24749219415681503,0.6,-0.6,0.5,0.5,1,grid,0.5428571428571429
0.05,0.05,0.5660992745354749,0.09441641964157843,1.5,0.4,,,0.047208209820789215,0.0,1.0,1.0,,0.2357625229104764,0.6,-0.6,0.7,0.7,1,grid,0.5428571428571429
0.05,0.05,0.5723516017228489,0.11606959237990994,1.5,0.4,,,0.05803479618995497,0.0,1.0,1.0,,0.2281331864226995,0.6,-0.6,0.85,0.85,1,grid,0.5428571428571429
0.05,0.05,0.5883250145451444,0.1365122256347152,1.5,0.4,,,0.0682561128173576,0.0,1.0,1.0,,0.22397335159389126,0.6,-0.6,0.95,0.95,1,grid,0.5428571428571429
0.05,0.05,0.5641314377889779,0.08339043371913599,1.5,0.4,,,0.04169521685956799,0.0,1.0,1.0,,0.23978989768310158,0.6,-0.6,0.5,0.5,1,grid,0.6857142857142857
0.05,0.05,0.5682797205809023,0.11615172413436585,1.5,0.4,,,0.058075862067182925,0.0,1.0,1.0,,0.22536418809451422,0.6,-0.6,0.7,0.7,1,grid,0.6857142857142857
0.05,0.05,0.5769556139953624,0.14416800018379525,1.5,0.4,,,0.07208400009189762,0.0,1.0,1.0,,0.21624395298581606,0.6,-0.6,0.85,0.85,1,grid,0.6857142857142857
0.05,0.05,0.5955873807684137,0.17106305054389245,1.5,0.4,,,0.08553152527194623,0.0,1.0,1.0,,0.21139954706211594,0.6,-0.6,0.95,0.95,1,grid,0.6857142857142857
0.05,0.05,0.5650709255375117,0.09663871581119292,1.5,0.4,,,0.04831935790559646,0.0,1.0,1.0,,0.23240632333312794,0.6,-0.6,0.5,0.5,1,grid,0.8285714285714285
0.05,0.05,0.5706946204838954,0.135669567634931,1.5,0.4,,,0.0678347838174655,0.0,1.0,1.0,,0.2154729141429014,0.6,-0.6,0.7,0.7,1,grid,0.8285714285714285
0.05,0.05,0.5815378533841548,0.16987360094487755,1.5,0.4,,,0.08493680047243878,0.0,1.0,1.0,,0.20493318280803496,0.6,-0.6,0.85,0.85,1,grid,0.8285714285714285
0.05,0.05,0.6013600437752136,0.20234090016960055,1.5,0.4,,,0.10117045008480027,0.0,1.0,1.0,,0.1994339199808859,0.6,-0.6,0.95,0.95,1,grid,0.8285714285714285
0.05,0.05,0.5661215588208948,0.10773616575016208,1.5,0.4,,,0.05386808287508104,0.0,1.0,1.0,,0.22540584912017944,0.6,-0.6,0.5,0.5,1,grid,0.9714285714285714
0.05,0.05,0.5732355241254294,0.15251176446139392,1.5,0.4,,,0.07625588223069696,0.0,1.0,1.0,,0.20612368323012484,0.6,-0.6,0.7,0.7,1,grid,0.9714285714285714
0.05,0.05,0.5858672944574186,0.1923962636088185,1.5,0.4,,,0.09619813180440925,0.0,1.0,1.0,,0.194195601192173,0.6,-0.6,0.85,0.85,1,grid,0.9714285714285714
0.05,0.05,0.6058669344785521,0.22930890605546728,1.5,0.4,,,0.11465445302773364,0.0,1.0,1.0,,0.18801084193714182,0.6,-0.6,0.95,0.95,1,grid,0.9714285714285714
0.05,0.05,0.5672560447256924,0.11646273442020146,1.5,0.4,,,0.05823136721010073,0.0,1.0,1.0,,0.21883177614507904,0.6,-0.6,0.5,0.5,1,grid,1.1142857142857143
0.05,0.05,0.5758097426893045,0.16626704660825123,1.5,0.4,,,0.08313352330412561,0.0,1.0,1.0,,0.19733807605603307,0.6,-0.6,0.7,0.7,1,grid,1.1142857142857143
0.05,0.05,0.5898230880583426,0.2110412679808948,1.5,0.4,,,0.1055206339904474,0.0,1.0,1.0,,0.1840343608493801,0.6,-0.6,0.85,0.85,1,grid,1.1142857142857143
0.05,0.05,0.6093927758758315,0.25123062616853825,1.5,0.4,,,0.12561531308426913,0.0,1.0,1.0,,0.1770994678594068,0.6,-0.6,0.95,0.95,1,grid,1.1142857142857143
0.05,0.05,0.5684468812729826,0.12266099787189053,1.5,0.4,,,0.06133049893594526,0.0,1.0,1.0,,0.21271395084214179,0.6,-0.6,0.5,0.5,1,grid,1.2571428571428571
0.05,0.05,0.5783433006882173,0.17659346850755564,1.5,0.4,,,0.08829673425377782,0.0,1.0,1.0,,0.1891313181946374,0.6,-0.6,0.7,0.7,1,grid,1.2571428571428571
0.05,0.05,0.5933612478657828,0.22525459549569463,1.5,0.4,,,0.11262729774784731,0.0,1.0,1.0,,0.1744603967965563,0.6,-0.6,0.85,0.85,1,grid,1.2571428571428571
0.05,0.05,0.6121831664023557,0.2676013051766153,1.5,0.4,,,0.13380065258830764,0.0,1.0,1.0,,0.16670582564341063,0.6,-0.6,0.95,0.95,1,grid,1.2571428571428571
0.05,0.05,0.5696671801623823,0.12623838423834727,1.5,0.4,,,0.06311919211917363,0.0,1.0,1.0,,0.20707208713546404,0.6,-0.6,0.5,0.5,1,grid,1.4
0.05,0.05,0.5807805205117789,0.18323523627088328,1.5,0.4,,,0.09161761813544164,0.0,1.0,1.0,,0.1815150172685254,0.6,-0.6,0.7,0.7,1,grid,1.4
0.05,0.05,0.5964838206061294,0.23464003956897808,1.5,0.4,,,0.11732001978448904,0.0,1.0,1.0,,0.1654903741181411,0.6,-0.6,0.85,0.85,1,grid,1.4
0.05,0.05,0.6144254196514255,0.2781019005954795,1.5,0.4,,,0.13905095029773976,0.0,1.0,1.0,,0.1568608000884951,0.6,-0.6,0.95,0.95,1,grid,1.4
0.1,0.1,0.5629590164375691,0.055068415698364875,1.5,0.4,,,0.027534207849182438,0.0,1.0,1.0,,0.25231263917713104,0.6,-0.6,0.5,0.5,1,grid,0.4
0.1,0.1,0.5643639092668418,0.0740408089317261,1.5,0.4,,,0.03702040446586305,0.0,1.0,1.0,,0.24409969904386292,0.6,-0.6,0.7,0.7,1,grid,0.4
0.1,0.1,0.5677805769097992,0.0890374959002167,1.5,0.4,,,0.04451874795010835,0.0,1.0,1.0,,0.23803980976810038,0.6,-0.6,0.85,0.85,1,grid,0.4
0.1,0.1,0.5781762137196809,0.10200281996361188,1.5,0.4,,,0.05100140998180594,0.0,1.0,1.0,,0.2338534322867427,0.6,-0.6,0.95,0.95,1,grid,0.4
0.1,0.1,0.5634263636171415,0.07249276607396679,1.5,0.4,,,0.036246383036983396,0.0,1.0,1.0,,0.24516521095555194,0.6,-0.6,0.5,0.5,1,grid,0.5428571428571429
0.1,0.1,0.5658969504308784,0.098110204169409,1.5,0.4,,,0.0490551020847045,0.0,1.0,1.0,,0.23378263406417904,0.6,-0.6,0.7,0.7,1,grid,0.5428571428571429
0.1,0.1,0.5715172149514859,0.1190624784410261,1.5,0.4,,,0.05953123922051305,0.0,1.0,1.0,,0.22589592926966565,0.6,-0.6,0.85,0.85,1,grid,0.5428571428571429
0.1,0.1,0.5858629169902617,0.13829476635064522,1.5,0.4,,,0.06914738317532261,0.0,1.0,1.0,,0.2210154899855124,0.6,-0.6,0.95,0.95,1,grid,0.5428571428571429
0.1,0.1,0.5640268753387114,0.08799202260395607,1.5,0.4,,,0.043996011301978034,0.0,1.0,1.0,,0.2379926842353472,0.6,-0.6,0.5,0.5,1,grid,0.6857142857142857
0.1,0.1,0.5677476594350452,0.12005268755038861,1.5,0.4,,,0.06002634377519431,0.0,1.0,1.0,,0.22372110824274494,0.6,-0.6,0.7,0.7,1,grid,0.6857142857142857
0.1,0.1,0.5755868052667749,0.14708749688256798,1.5,0.4,,,0.07354374844128399,0.0,1.0,1.0,,0.21424862163661457,0.6,-0.6,0.85,0.85,1,grid,0.6857142857142857
0.1,0.1,0.5924005938536019,0.17236051123902443,1.5,0.4,,,0.08618025561951222,0.0,1.0,1.0,,0.2088359531508246,0.6,-0.6,0.95,0.95,1,grid,0.6857142857142857
0.1,0.1,0.5647529565914823,0.1012014330981706,1.5,0.4,,,0.0506007165490853,0.0,1.0,1.0,,0.23103883097469288,0.6,-0.6,0.5,0.5,1,grid,0.8285714285714285
0.1,0.1,0.5698303795385858,0.13936720740546807,1.5,0.4,,,0.06968360370273403,0.0,1.0,1.0,,0.21411600027908723,0.6,-0.6,0.7,0.7,1,grid,0.8285714285714285
0.1,0.1,0.5796884360145769,0.17233158503526091,1.5,0.4,,,0.08616579251763046,0.0,1.0,1.0,,0.20319399360402857,0.6,-0.6,0.85,0.85,1,grid,0.8285714285714285
0.1,0.1,0.5976884241262301,0.20290260495505713,1.5,0.4,,,0.10145130247752857,0.0,1.0,1.0,,0.1972640159162079,0.6,-0.6,0.95,0.95,1,grid,0.8285714285714285
0.1,0.1,0.5655944294029868,0.11184280792103947,1.5,0.4,,,0.055921403960519735,0.0,1.0,1.0,,0.22444428068997427,0.6,-0.6,0.5,0.5,1,grid,0.9714285714285714
0.1,0.1,0.5720639988594527,0.15561286097507246,1.5,0.4,,,0.07780643048753623,0.0,1.0,1.0,,0.20506950892161552,0.6,-0.6,0.7,0.7,1,grid,0.9714285714285714
0.1,0.1,0.5836283955027477,0.19405968614528607,1.5,0.4,,,0.09702984307264303,0.0,1.0,1.0,,0.1927662626317493,0.6,-0.6,0.85,0.85,1,grid,0.9714285714285714
0.1,0.1,0.6019232663466272,0.2289560574880442,1.5,0.4,,,0.1144780287440221,0.0,1.0,1.0,,0.18625013495346784,0.6,-0.6,0.95,0.95,1,grid,0.9714285714285714
0.1,0.1,0.5665383182534484,0.11973091165265307,1.5,0.4,,,0.05986545582632653,0.0,1.0,1.0,,0.21829788459227775,0.6,-0.6,0.5,0.5,1,grid,1.1142857142857143
0.1,0.1,0.574376976658343,0.16842897994866135,1.5,0.4,,,0.08421448997433068,0.0,1.0,1.0,,0.19663966838986086,0.6,-0.6,0.7,0.7,1,grid,1.1142857142857143
0.1,0.1,0.5873030618635651,0.21165117292964336,1.5,0.4,,,0.10582558646482168,0.0,1.0,1.0,,0.18298442071663384,0.6,-0.6,0.85,0.85,1,grid,1.1142857142857143
0.1,0.1,0.6053495802345178,0.2498414502535614,1.5,0.4,,,0.1249207251267807,0.0,1.0,1.0,,0.1757827008358952,0.6,-0.6,0.95,0.95,1,grid,1.1142857142857143
0.1,0.1,0.5675687797002942,0.12477476105532441,1.5,0.4,,,0.062387380527662205,0.0,1.0,1.0,,0.21265680029207212,0.6,-0.6,0.5,0.5,1,grid,1.2571428571428571
0.1,0.1,0.5767092800071187,0.17755080699945222,1.5,0.4,,,0.08877540349972611,0.0,1.0,1.0,,0.18886053112887727,0.6,-0.6,0.7,0.7,1,grid,1.2571428571428571
0.1,0.1,0.5906706625780801,0.22463642462346722,1.5,0.4,,,0.11231821231173361,0.0,1.0,1.0,,0.17386485495463677,0.6,-0.6,0.85,0.85,1,grid,1.2571428571428571
0.1,0.1,0.6081745441264756,0.26510725365024884,1.5,0.4,,,0.13255362682512442,0.0,1.0,1.0,,0.16588234087947862,0.6,-0.6,0.95,0.95,1,grid,1.2571428571428571
0.1,0.1,0.5686671969873788,0.12697400414441645,1.5,0.4,,,0.06348700207220823,0.0,1.0,1.0,,0.20755524090541638,0.6,-0.6,0.5,0.5,1,grid,1.4
0.1,0.1,0.5790120777457827,0.18281876939321554,1.5,0.4,,,0.09140938469660777,0.0,1.0,1.0,,0.1817506359715778,0.6,-0.6,0.7,0.7,1,grid,1.4
0.1,0.1,0.593725649427908,0.23270892669634405,1.5,0.4,,,0.11635446334817202,0.0,1.0,1.0,,0.16542348901387974,0.6,-0.6,0.85,0.85,1,grid,1.4
0.1,0.1,0.6105527984387571,0.27449050329467856,1.5,0.4,,,0.13724525164733928,0.0,1.0,1.0,,0.15658708222081957,0.6,-0.6,0.95,0.95,1,grid,1.4
0.15,0.15,0.563491726301401,0.05838189764843334,1.5,0.4,,,0.02919094882421667,0.0,1.0,1.0,,0.24817141608837945,0.6,-0.6,0.5,0.5,1,grid,0.4
0.15,0.15,0.5646844199187478,0.07694076878758199,1.5,0.4,,,0.038470384393790996,0.0,1.0,1.0,,0.24078766936688312,0.6,-0.6,0.7,0.7,1,grid,0.4
0.15,0.15,0.5676212342047928,0.09144894385423903,1.5,0.4,,,0.045724471927119516,0.0,1.0,1.0,,0.23494585477200292,0.6,-0.6,0.85,0.85,1,grid,0.4
0.15,0.15,0.5765604493795247,0.10359449037069848,1.5,0.4,,,0.05179724518534924,0.0,1.0,1.0,,0.23042066803533667,0.6,-0.6,0.95,0.95,1,grid,0.4
0.15,0.15,0.5637317152749239,0.07652226919543245,1.5,0.4,,,0.038261134597716226,0.0,1.0,1.0,,0.24206406514110726,0.6,-0.6,0.5,0.5,1,grid,0.5428571428571429
0.15,0.15,0.5658464644075234,0.10154332637970993,1.5,0.4,,,0.05077166318985497,0.0,1.0,1.0,,0.2313111601932583,0.6,-0.6,0.7,0.7,1,grid,0.5428571428571429
0.15,0.15,0.5707124284286709,0.12171609298879743,1.5,0.4,,,0.060858046494398715,0.0,1.0,1.0,,0.22342564964333192,0.6,-0.6,0.85,0.85,1,grid,0.5428571428571429
0.15,0.15,0.5831240760722771,0.13959627359577714,1.5,0.4,,,0.06979813679788857,0.0,1.0,1.0,,0.21815151191728438,0.6,-0.6,0.95,0.95,1,grid,0.5428571428571429
0.15,0.15,0.5640709964598859,0.09236569668048189,1.5,0.4,,,0.046182848340240945,0.0,1.0,1.0,,0.23567851209039775,0.6,-0.6,0.5,0.5,1,grid,0.6857142857142857
0.15,0.15,0.5672876207396288,0.12363763570865291,1.5,0.4,,,0.061818817854326455,0.0,1.0,1.0,,0.22181377396866558,0.6,-0.6,0.7,0.7,1,grid,0.6857142857142857
0.15,0.15,0.5741354658854563,0.14957873175343564,1.5,0.4,,,0.07478936587671782,0.0,1.0,1.0,,0.21218820866168042,0.6,-0.6,0.85,0.85,1,grid,0.6857142857142857
0.15,0.15,0.5888047173220199,0.1730411376803373,1.5,0.4,,,0.08652056884016865,0.0,1.0,1.0,,0.20641245276928505,0.6,-0.6,0.95,0.95,1,grid,0.6857142857142857
0.15,0.15,0.5645237840946822,0.10551285446921911,1.5,0.4,,,0.052756427234609556,0.0,1.0,1.0,,0.22935336713504173,0.6,-0.6,0.5,0.5,1,grid,0.8285714285714285
0.15,0.15,0.568962239121972,0.14270510983494464,1.5,0.4,,,0.07135255491747232,0.0,1.0,1.0,,0.21263997261449968,0.6,-0.6,0.7,0.7,1,grid,0.8285714285714285
0.15,0.15,0.5776620304742028,0.17428679501925823,1.5,0.4,,,0.08714339750962911,0.0,1.0,1.0,,0.20147198467352057,0.6,-0.6,0.85,0.85,1,grid,0.8285714285714285
0.15,0.15,0.5935263362398284,0.20274216171557463,1.5,0.4,,,0.10137108085778732,0.0,1.0,1.0,,0.19522471450807,0.6,-0.6,0.95,0.95,1,grid,0.8285714285714285
0.15,0.15,0.565101259809974,0.11568573360066273,1.5,0.4,,,0.05784286680033136,0.0,1.0,1.0,,0.22330530688008712,0.6,-0.6,0.5,0.5,1,grid,0.9714285714285714
0.15,0.15,0.5708237371842271,0.1583244746602522,1.5,0.4,,,0.0791622373301261,0.0,1.0,1.0,,0.20398041348724935,0.6,-0.6,0.7,0.7,1,grid,0.9714285714285714
0.15,0.15,0.5811427073300297,0.19516649142972786,1.5,0.4,,,0.09758324571486393,0.0,1.0,1.0,,0.1913839134854966,0.6,-0.6,0.85,0.85,1,grid,0.9714285714285714
0.15,0.15,0.5974506125547712,0.2278123683398524,1.5,0.4,,,0.1139061841699262,0.0,1.0,1.0,,0.18458855724189746,0.6,-0.6,0.95,0.95,1,grid,0.9714285714285714
0.15,0.15,0.5658093736382415,0.1227333166188414,1.5,0.4,,,0.0613666583094207,0.0,1.0,1.0,,0.21767898613963751,0.6,-0.6,0.5,0.5,1,grid,1.1142857142857143
0.15,0.15,0.5728266335796355,0.17018636685457322,1.5,0.4,,,0.08509318342728661,0.0,1.0,1.0,,0.19594905612644753,0.6,-0.6,0.7,0.7,1,grid,1.1142857142857143
0.15,0.15,0.5844932375917911,0.21167371819759226,1.5,0.4,,,0.10583685909879613,0.0,1.0,1.0,,0.1819827429630667,0.6,-0.6,0.85,0.85,1,grid,1.1142857142857143
0.15,0.15,0.6007726772888631,0.24762880875843024,1.5,0.4,,,0.12381440437921512,0.0,1.0,1.0,,0.17452917426687437,0.6,-0.6,0.95,0.95,1,grid,1.1142857142857143
0.15,0.15,0.566647300880553,0.12662948212995456,1.5,0.4,,,0.06331474106497728,0.0,1.0,1.0,,0.21257117287161334,0.6,-0.6,0.5,0.5,1,grid,1.2571428571428571
0.15,0.15,0.5749274327217347,0.17810210922847605,1.5,0.4,,,0.08905105461423803,0.0,1.0,1.0,,0.18861489176008742,0.6,-0.6,0.7,0.7,1,grid,1.2571428571428571
0.15,0.15,0.5876730430653967,0.22342207049248167,1.5,0.4,,,0.11171103524624083,0.0,1.0,1.0,,0.1733067609018224,0.6,-0.6,0.85,0.85,1,grid,1.2571428571428571
0.15,0.15,0.6036535118972431,0.261788400165623,1.5,0.4,,,0.1308942000828115,0.0,1.0,1.0,,0.16509108068035086,0.6,-0.6,0.95,0.95,1,grid,1.2571428571428571
0.15,0.15,0.567606651293805,0.12746378942799436,1.5,0.4,,,0.06373189471399718,0.0,1.0,1.0,,0.20804236982885285,0.6,-0.6,0.5,0.5,1,grid,1.4
0.15,0.15,0.5770847157588729,0.18200576448562097,1.5,0.4,,,0.09100288224281049,0.0,1.0,1.0,,0.18201611416099894,0.6,-0.6,0.7,0.7,1,grid,1.4
0.15,0.15,0.5906661870627365,0.23019095433098946,1.5,0.4,,,0.11509547716549473,0.0,1.0,1.0,,0.16538207188538068,0.6,-0.6,0.85,0.85,1,grid,1.4
0.15,0.15,0.6062088193947309,0.2700772754855387,1.5,0.4,,,0.13503863774276936,0.0,1.0,1.0,,0.15632440244721796,0.6,-0.6,0.95,0.95,1,grid,1.4
0.2,0.2,0.5642818452698519,0.06153619248850584,1.5,0.4,,,0.03076809624425292,0.0,1.0,1.0,,0.24339432399178945,0.6,-0.6,0.5,0.5,1,grid,0.4
0.2,0.2,0.5652268116912365,0.07964085928989724,1.5,0.4,,,0.03982042964494862,0.0,1.0,1.0,,0.23689456679994947,0.6,-0.6,0.7,0.7,1,grid,0.4
0.2,0.2,0.5676028795307057,0.09361896869432987,1.5,0.4,,,0.046809484347164934,0.0,1.0,1.0,,0.2314670490265007,0.6,-0.6,0.85,0.85,1,grid,0.4
0.2,0.2,0.5748506200548245,0.1048701502193692,1.5,0.4,,,0.0524350751096846,0.0,1.0,1.0,,0.22698279126431908,0.6,-0.6,0.95,0.95,1,grid,0.4
0.2,0.2,0.5642401833576565,0.08034748628654388,1.5,0.4,,,0.04017374314327194,0.0,1.0,1.0,,0.23840426150922522,0.6,-0.6,0.5,0.5,1,grid,0.5428571428571429
0.2,0.2,0.5659418792569866,0.10471281779073334,1.5,0.4,,,0.05235640889536667,0.0,1.0,1.0,,0.2284518780075454,0.6,-0.6,0.7,0.7,1,grid,0.5428571428571429
0.2,0.2,0.5699323630140223,0.12403700404681985,1.5,0.4,,,0.06201850202340992,0.0,1.0,1.0,,0.2207873811654846,0.6,-0.6,0.85,0.85,1,grid,0.5428571428571429
0.2,0.2,0.5801178180627318,0.1404443313801518,1.5,0.4,,,0.0702221656900759,0.0,1.0,1.0,,0.21540713539898637,0.6,-0.6,0.95,0.95,1,grid,0.5428571428571429
0.2,0.2,0.5642580442754157,0.0965001892342212,1.5,0.4,,,0.0482500946171106,0.0,1.0,1.0,,0.2329551430635242,0.6,-0.6,0.5,0.5,1,grid,0.6857142857142857
0.2,0.2,0.5668934929701264,0.1269046424580932,1.5,0.4,,,0.0634523212290466,0.0,1.0,1.0,,0.219694046355976,0.6,-0.6,0.7,0.7,1,grid,0.6857142857142857
0.2,0.2,0.5725995297462768,0.1516539748373728,1.5,0.4,,,0.0758269874186864,0.0,1.0,1.0,,0.2100983327336838,0.6,-0.6,0.85,0.85,1,grid,0.6857142857142857
0.2,0.2,0.5848207890916136,0.17314901567602922,1.5,0.4,,,0.08657450783801461,0.0,1.0,1.0,,0.20413433609363832,0.6,-0.6,0.95,0.95,1,grid,0.6857142857142857
0.2,0.2,0.56437761380136,0.10956211690657246,1.5,0.4,,,0.05478105845328623,0.0,1.0,1.0,,0.2274041755737697,0.6,-0.6,0.5,0.5,1,grid,0.8285714285714285
0.2,0.2,0.5680852744392116,0.14568391423995344,1.5,0.4,,,0.07284195711997672,0.0,1.0,1.0,,0.2110741028092176,0.6,-0.6,0.7,0.7,1,grid,0.8285714285714285
0.2,0.2,0.5754614623677397,0.17575920970530148,1.5,0.4,,,0.08787960485265074,0.0,1.0,1.0,,0.19978791327624784,0.6,-0.6,0.85,0.85,1,grid,0.8285714285714285
0.2,0.2,0.5889056440640578,0.20192018213357643,1.5,0.4,,,0.10096009106678822,0.0,1.0,1.0,,0.19330900128215908,0.6,-0.6,0.95,0.95,1,grid,0.8285714285714285
0.2,0.2,0.5646370919604831,0.11925616283913149,1.5,0.4,,,0.05962808141956574,0.0,1.0,1.0,,0.22201692140639817,0.6,-0.6,0.5,0.5,1,grid,0.9714285714285714
0.2,0.2,0.5695123567587081,0.1606515167548553,1.5,0.4,,,0.08032575837742766,0.0,1.0,1.0,,0.20287416368547403,0.6,-0.6,0.7,0.7,1,grid,0.9714285714285714
0.2,0.2,0.5784191558936463,0.19574573813326746,1.5,0.4,,,0.09787286906663373,0.0,1.0,1.0,,0.1900597932264747,0.6,-0.6,0.85,0.85,1,grid,0.9714285714285714
0.2,0.2,0.5924893455793667,0.22595285791977582,1.5,0.4,,,0.11297642895988791,0.0,1.0,1.0,,0.1830124351517344,0.6,-0.6,0.95,0.95,1,grid,0.9714285714285714
0.2,0.2,0.5650659404703247,0.12546503112851903,1.5,0.4,,,0.06273251556425952,0.0,1.0,1.0,,0.21698975510900317,0.6,-0.6,0.5,0.5,1,grid,1.1142857142857143
0.2,0.2,0.5711599292219274,0.171549989507145,1.5,0.4,,,0.0857749947535725,0.0,1.0,1.0,,0.19527696799088712,0.6,-0.6,0.7,0.7,1,grid,1.1142857142857143
0.2,0.2,0.5814088806070299,0.21114750646325942,1.5,0.4,,,0.10557375323162971,0.0,1.0,1.0,,0.1810340205319012,0.6,-0.6,0.85,0.85,1,grid,1.1142857142857143
0.2,0.2,0.5957082763290917,0.2446788224133088,1.5,0.4,,,0.1223394112066544,0.0,1.0,1.0,,0.17332280973993408,0.6,-0.6,0.95,0.95,1,grid,1.1142857142857143
0.2,0.2,0.5656815318853647,0.12822573218544428,1.5,0.4,,,0.06411286609272214,0.0,1.0,1.0,,0.21246450158064953,0.6,-0.6,0.5,0.5,1,grid,1.2571428571428571
0.2,0.2,0.5730031508994565,0.17826521857472263,1.5,0.4,,,0.08913260928736132,0.0,1.0,1.0,,0.1884002832206107,0.6,-0.6,0.7,0.7,1,grid,1.2571428571428571
0.2,0.2,0.5843894280701954,0.2216591977084498,1.5,0.4,,,0.1108295988542249,0.0,1.0,1.0,,0.172786542699577,0.6,-0.6,0.85,0.85,1,grid,1.2571428571428571
0.2,0.2,0.5986695977420257,0.2577382145160841,1.5,0.4,,,0.12886910725804204,0.0,1.0,1.0,,0.16431646204223332,0.6,-0.6,0.95,0.95,1,grid,1.2571428571428571
0.2,0.2,0.5664873655050475,0.12771501179208775,1.5,0.4,,,0.06385750589604387,0.0,1.0,1.0,,0.20853661939748538,0.6,-0.6,0.5,0.5,1,grid,1.4
0.2,0.2,0.5750080510377066,0.18082166593771176,1.5,0.4,,,0.09041083296885588,0.0,1.0,1.0,,0.18231391424573598,0.6,-0.6,0.7,0.7,1,grid,1.4
0.2,0.2,0.5873311300178231,0.22714153299360876,1.5,0.4,,,0.11357076649680438,0.0,1.0,1.0,,0.1653641511586744,0.6,-0.6,0.85,0.85,1,grid,1.4
0.2,0.2,0.6014441433609684,0.26495929973528254,1.5,0.4,,,0.13247964986764127,0.0,1.0,1.0,,0.15605939112545844,0.6,-0.6,0.95,0.95,1,grid,1.4
0.3,0.3,0.566618578196753,0.06734572009647666,1.5,0.4,,,0.03367286004823833,0.0,1.0,1.0,,0.23292815820597995,0.6,-0.6,0.5,0.5,1,grid,0.4
0.3,0.3,0.5669609607489099,0.08444299555046983,1.5,0.4,,,0.042221497775234915,0.0,1.0,1.0,,0.2280678055370784,0.6,-0.6,0.7,0.7,1,grid,0.4
0.3,0.3,0.5679774471133519,0.09726160413839649,1.5,0.4,,,0.048630802069198245,0.0,1.0,1.0,,0.22379374324084375,0.6,-0.6,0.85,0.85,1,grid,0.4
0.3,0.3,0.571177760227634,0.10654894275143323,1.5,0.4,,,0.053274471375716614,0.0,1.0,1.0,,0.22025399162832554,0.6,-0.6,0.95,0.95,1,grid,0.4
0.3,0.3,0.5658481206763197,0.08735928616284112,1.5,0.4,,,0.04367964308142056,0.0,1.0,1.0,,0.23007452967414233,0.6,-0.6,0.5,0.5,1,grid,0.5428571428571429
0.3,0.3,0.5665533994861909,0.11026717463668835,1.5,0.4,,,0.055133587318344175,0.0,1.0,1.0,,0.22192677658085674,0.6,-0.6,0.7,0.7,1,grid,0.5428571428571429
0.3,0.3,0.568444068180082,0.12772892215101198,1.5,0.4,,,0.06386446107550599,0.0,1.0,1.0,,0.21520708830089497,0.6,-0.6,0.85,0.85,1,grid,0.5428571428571429
0.3,0.3,0.5733838250790275,0.14091999105598096,1.5,0.4,,,0.07045999552799048,0.0,1.0,1.0,,0.2103210575221173,0.6,-0.6,0.95,0.95,1,grid,0.5428571428571429
0.3,0.3,0.5650416616010011,0.10402509416008396,1.5,0.4,,,0.05201254708004198,0.0,1.0,1.0,,0.22665884715654158,0.6,-0.6,0.5,0.5,1,grid,0.6857142857142857
0.3,0.3,0.5662892176219574,0.13250001842731893,1.5,0.4,,,0.06625000921365946,0.0,1.0,1.0,,0.21499456822244145,0.6,-0.6,0.7,0.7,1,grid,0.6857142857142857
0.3,0.3,0.5692895196986976,0.15463438500289164,1.5,0.4,,,0.07731719250144582,0.0,1.0,1.0,,0.20593213471616464,0.6,-0.6,0.85,0.85,1,grid,0.6857142857142857
0.3,0.3,0.5758235902463995,0.17186031143039093,1.5,0.4,,,0.08593015571519547,0.0,1.0,1.0,,0.1999964930029029,0.6,-0.6,0.95,0.95,1,grid,0.6857142857142857
0.3,0.3,0.5643167226620769,0.11685150676123379,1.5,0.4,,,0.058425753380616896,0.0,1.0,1.0,,0.22291289291341793,0.6,-0.6,0.5,0.5,1,grid,0.8285714285714285
0.3,0.3,0.5662990607603144,0.15059346333215753,1.5,0.4,,,0.07529673166607877,0.0,1.0,1.0,,0.20776719745141592,0.6,-0.6,0.7,0.7,1,grid,0.8285714285714285
0.3,0.3,0.570577492158183,0.17736986513602954,1.5,0.4,,,0.08868493256801477,0.0,1.0,1.0,,0.1965878909042568,0.6,-0.6,0.85,0.85,1,grid,0.8285714285714285
0.3,0.3,0.5784680345988553,0.19857661095155008,1.5,0.4,,,0.09928830547577504,0.0,1.0,1.0,,0.18979348716874825,0.6,-0.6,0.95,0.95,1,grid,0.8285714285714285
0.3,0.3,0.5637828558748212,0.12556621469655824,1.5,0.4,,,0.06278310734827912,0.0,1.0,1.0,,0.21909228014300644,0.6,-0.6,0.5,0.5,1,grid,0.9714285714285714
0.3,0.3,0.5666825282646912,0.16420046062513188,1.5,0.4,,,0.08210023031256594,0.0,1.0,1.0,,0.20066400634550208,0.6,-0.6,0.7,0.7,1,grid,0.9714285714285714
0.3,0.3,0.5723241863012489,0.19547535205254007,1.5,0.4,,,0.09773767602627004,0.0,1.0,1.0,,0.18761087280255728,0.6,-0.6,0.85,0.85,1,grid,0.9714285714285714
0.3,0.3,0.5813120057285504,0.22043147478351097,1.5,0.4,,,0.11021573739175548,0.0,1.0,1.0,,0.18004396876406073,0.6,-0.6,0.95,0.95,1,grid,0.9714285714285714
0.3,0.3,0.5635300305200284,0.13011812606159337,1.5,0.4,,,0.06505906303079668,0.0,1.0,1.0,,0.21544965308560887,0.6,-0.6,0.5,0.5,1,grid,1.1142857142857143
0.3,0.3,0.567498576557397,0.17316841493512106,1.5,0.4,,,0.08658420746756053,0.0,1.0,1.0,,0.19401856841906984,0.6,-0.6,0.7,0.7,1,grid,1.1142857142857143
0.3,0.3,0.5745067860538033,0.20864162771233877,1.5,0.4,,,0.10432081385616938,0.0,1.0,1.0,,0.17930001936186518,0.6,-0.6,0.85,0.85,1,grid,1.1142857142857143
0.3,0.3,0.5843463731771493,0.23695669955303833,1.5,0.4,,,0.11847834977651917,0.0,1.0,1.0,,0.17097620307531664,0.6,-0.6,0.95,0.95,1,grid,1.1142857142857143
0.3,0.3,0.5636207677241982,0.1306647892355772,1.5,0.4,,,0.0653323946177886,0.0,1.0,1.0,,0.21221015990305828,0.6,-0.6,0.5,0.5,1,grid,1.2571428571428571
0.3,0.3,0.5687642099483918,0.1775262124373803,1.5,0.4,,,0.08876310621869014,0.0,1.0,1.0,,0.1880784699648529,0.6,-0.6,0.7,0.7,1,grid,1.2571428571428571
0.3,0.3,0.5770747870939448,0.21671570922760666,1.5,0.4,,,0.10835785461380333,0.0,1.0,1.0,,0.17185185325884847,0.6,-0.6,0.85,0.85,1,grid,1.2571428571428571
0.3,0.3,0.5875497036113502,0.2478620214225792,1.5,0.4,,,0.1239310107112896,0.0,1.0,1.0,,0.16274874137402753,0.6,-0.6,0.95,0.95,1,grid,1.2571428571428571
0.3,0.3,0.5640862457275602,0.1275477682821058,1.5,0.4,,,0.0637738841410529,0.0,1.0,1.0,,0.2095530527402972,0.6,-0.6,0.5,0.5,1,grid,1.4
0.3,0.3,0.5704586636167738,0.17746720138988836,1.5,0.4,,,0.08873360069494418,0.0,1.0,1.0,,0.1830097134797201,0.6,-0.6,0.7,0.7,1,grid,1.4
0.3,0.3,0.5799596230209464,0.21970445204519373,1.5,0.4,,,0.10985222602259687,0.0,1.0,1.0,,0.16538474395908395,0.6,-0.6,0.85,0.85,1,grid,1.4
0.3,0.3,0.59088754016897,0.2530397062259467,1.5,0.4,,,0.12651985311297334,0.0,1.0,1.0,,0.1554660605350461,0.6,-0.6,0.95,0.95,1,grid,1.4
